Site,area
CA,0.439934809226543
CZ,1891.55484711751
HV,1558.98212183081
PV,187.462351413444
UC,1825.03898139228
