Site,area
BR,14078.9609174771
HV,434.864047333598
OB,18155.6424353346
PR,8637.82756672031
PV,11929.2403277163
SA,16913.5459373321
