Site,area
BR,5270.91973372176
CA,24931.8803820563
CZ,59038.3784003475
HV,58976.7722499357
PV,26110.4152653551
UC,26765.1372497369
