Site,area
AR,3137.66706259744
CB,598.862361881002
CP,11589.6136608828
FR,1537.9961048048
HG,10843.4127374142
LG,13005.905445734
PI,7376.95266236103
RI,1719.42564539053
