Site,area
AR,14377.4358919905
BR,2861.68892359314
CO,5595.99452670943
FR,7109.10122120194
LG,24184.528807915
PI,49809.2455056383
PR,14374.7509278858
RI,8118.50846358899
RO,219.764305841178
SA,14603.7940865196
