Site,area
AR,2020.72791872569
BR,2639.93728444725
CA,5269.58931490724
CB,1778.44007279165
CO,12829.9132106558
CR,1406.07610658299
CZ,4667.38645763788
FA,1561.13345867395
FR,752.515939000528
GI,900.598996544257
HG,4097.89030172548
HV,5313.04421171377
LG,1924.21692757308
MA,1943.47942845523
OB,1983.88240867853
PI,311.847607303411
PR,1478.4808451623
PV,7129.31822428107
RI,4132.91764171794
RO,1821.50102292001
SA,10033.2696109302
UC,3342.3313287748
