Site,area
CA,679.387778513745
CZ,2085.62616652669
HV,2066.73865429894
UC,71.938571000006
