Site,area
AR,24083.6497314014
BR,10256.0618874212
CA,17643.3272286458
CB,8595.20310475366
CO,25584.6876344918
CR,7701.89824499969
CZ,16820.3139092673
FA,5405.65951409301
FR,2580.18181312084
GI,8899.13306470308
HG,15223.4505925477
HV,23602.578956102
LG,4796.76805875078
MA,4070.33599059447
OB,5670.96922523342
PI,7626.13524578232
PR,5750.33075849569
PV,19901.8081509327
RI,9134.38955269684
RO,6084.54850626737
SA,29754.4267215393
UC,10376.5877308701
