Site,area
CP,782.96229462605
LG,7321.38397822762
PI,28.3737538059941
