Site,area
AR,571.154812960885
GI,814.915312128374
