Site,area
AR,18436.8486865989
BR,23403.9066808225
CA,40342.5112222468
CO,19994.2111903727
CR,2028.88924124348
CZ,14259.610457343
HV,39278.415201063
OB,2980.57635293389
PR,8831.38445067406
PV,49603.1971710538
SA,6499.2816283484
UC,71031.0065732594
