Site,area
BR,6667.4041888183
OB,8803.17391011864
PR,6372.22699302039
PV,9255.85317693464
SA,9096.96567625925
