Site,area
FR,787.46879538038
PI,1960.7026386098
