Site,area
CA,1145.53065635788
CZ,3681.2576600723
HV,4296.73172612395
PV,2218.2313079061
UC,5824.60166948738
