Site,area
CP,0.373287942784373
LG,5220.54650897754
