Site,area
FR,3124.66260164371
PI,7842.81055439683
RI,69.6332523573656
SA,0.141666518640704
