Site,area
BR,207.370417776518
OB,1388.25644769147
PR,676.101371956524
PV,1528.79599078512
SA,1538.6666664565
