Site,area
BR,58620.0116731748
HV,3627.2024631009
OB,68091.9085189334
PI,15639.5647048289
PR,18656.4118949545
PV,26863.3524508057
RO,5215.92954247911
SA,57878.2001585504
UC,20.4100982923992
