Site,area
BR,2316.07049574703
OB,3623.59073895868
PR,3014.33073457121
PV,5049.06905615889
SA,4620.38470592047
