Site,area
AR,20044.8398982267
BR,12511.2859037388
CA,3972.56505913449
CB,21967.6818885421
CO,17557.30575711
CP,5823.21548054554
CR,27803.9578780762
FA,29810.1087588165
FR,3667.28412157204
GI,30470.6432209276
HG,17488.381854679
LG,9830.60650638025
MA,4262.85795338172
OB,8052.22046509385
PR,9008.60410879925
RI,15733.2575835816
RO,28143.1624333356
UC,3925.54735446605
