Site,area
BR,574.069249786087
FR,6613.95815987699
PI,15226.2821144476
PR,53.3245806611958
RI,1070.50766570307
SA,1269.51116013993
