Site,area
AR,1086.32799971849
CA,3877.2308282142
CZ,4785.6666065231
HV,9026.8772096755
PV,5981.47305012587
UC,10891.1268813387
