Site,area
CA,2532.63600403443
CZ,7196.35402333767
HV,6004.602832529
UC,2532.75145439064
