Site,area
AR,31214.7468921979
BR,22770.878423376
CA,17537.7960654576
CB,66114.2710655861
CO,66045.7458175155
CP,31899.4096708263
CR,110105.656365922
CZ,461.102363977581
FA,120079.309356003
FR,30444.1611229571
GI,96006.8093270453
HG,65749.8301724084
LG,27907.3798272787
MA,32443.4641803019
OB,25454.6419513905
PI,5429.24110625443
PR,47220.5206312599
PV,2621.50696242489
RI,45827.9722813643
RO,111001.070965923
UC,17268.1761132423
