Site,area
BR,1620.02679261402
FR,7109.10122120194
LG,1372.3221704904
PI,23194.891349107
PR,1709.82719823098
RI,1972.03892246465
SA,2647.84895831812
