Site,area
BR,491.225289055612
CA,5380.25041812938
CZ,14054.307126858
HV,10762.0865420019
PV,1196.33115470203
UC,6723.56778921874
