Site,area
AR,4698.58132426348
BR,29.806030222564
CA,7691.02615398518
CO,984.023249732272
CZ,5335.62067324575
HV,14861.2474164627
PV,11116.3525108383
UC,17379.7957451637
