ID,m,v1$Site
1,NA,RI
2,5,MA
3,6,FA
4,9.857142857142858,GI
5,3.6,FR
6,7.857142857142857,CB
7,37,PI
8,7.090909090909091,BR
9,6.3125,AR
10,8.375,CR
11,NA,HG
12,16,SA
13,6.6,PV
14,NA,LG
15,11.272727272727273,CZ
16,9.666666666666666,HV
17,11.4375,UC
18,NA,CA
19,4.125,CO
20,3.75,RO
21,3.3846153846153846,OB
22,3.8,PR
23,NA,CP
