ID,m,v1$Site
1,5,RI
2,5.666666666666667,MA
3,6.593023255813954,FA
4,8.586206896551724,GI
5,5.111111111111111,FR
6,8.796875,CB
7,19.416666666666668,PI
8,5.653846153846154,BR
9,7.1066666666666665,AR
10,6.803571428571429,CR
11,7.8,HG
12,13.731707317073171,SA
13,9.702127659574469,PV
14,3.4,LG
15,10.333333333333334,CZ
16,8.744186046511627,HV
17,8.427184466019417,UC
18,10.608695652173912,CA
19,13.38,CO
20,12.112903225806452,RO
21,3.78,OB
22,3.75,PR
23,4.611111111111111,CP
