ID,m,v1$Site
1,NA,RI
2,NA,MA
3,5.5,FA
4,9.8,GI
5,3.6,FR
6,7.538461538461538,CB
7,37,PI
8,7.6,BR
9,6.470588235294118,AR
10,8.857142857142858,CR
11,NA,HG
12,16.5,SA
13,6.5,PV
14,NA,LG
15,10.923076923076923,CZ
16,9.545454545454545,HV
17,10.25,UC
18,NA,CA
19,5,CO
20,3.6666666666666665,RO
21,3.5,OB
22,3.5,PR
23,NA,CP
