ID,m,v1$Site
1,5.7727272727272725,RI
2,5.666666666666667,MA
3,6.328467153284672,FA
4,7.8533333333333335,GI
5,5,FR
6,8.977777777777778,CB
7,16.075,PI
8,5.390804597701149,BR
9,6.54,AR
10,6.426966292134831,CR
11,7.85,HG
12,11.487179487179487,SA
13,10.373333333333333,PV
14,3.8,LG
15,10.178571428571429,CZ
16,8.382113821138212,HV
17,7.818181818181818,UC
18,8.770833333333334,CA
19,14.777777777777779,CO
20,13.537931034482758,RO
21,4.72093023255814,OB
22,3.9705882352941178,PR
23,4.28,CP
