ID,m,v1$Site
1,6,RI
2,5,MA
3,6.413793103448276,FA
4,8.852941176470589,GI
5,5.2,FR
6,7.769230769230769,CB
7,28.666666666666668,PI
8,6.416666666666667,BR
9,6.725,AR
10,7.105263157894737,CR
11,8,HG
12,14.947368421052632,SA
13,8.407407407407407,PV
14,3.5,LG
15,10.411764705882353,CZ
16,9.657894736842104,HV
17,9.49056603773585,UC
18,15.090909090909092,CA
19,10.617647058823529,CO
20,4.65,RO
21,3.6,OB
22,3.7777777777777777,PR
23,3.7142857142857144,CP
