ID,m,v1$Site
1,NA,RI
2,5,MA
3,6.161290322580645,FA
4,8.666666666666666,GI
5,4.636363636363637,FR
6,7.533333333333333,CB
7,27.941176470588236,PI
8,6.533333333333333,BR
9,6.534883720930233,AR
10,7.111111111111111,CR
11,8,HG
12,15.25,SA
13,8.782608695652174,PV
14,3.4,LG
15,9.945945945945946,CZ
16,8.36111111111111,HV
17,9.12,UC
18,15.555555555555555,CA
19,10.451612903225806,CO
20,4,RO
21,3.8333333333333335,OB
22,3.4285714285714284,PR
23,3.5,CP
