PM10,Al_i,Al_s,As_i,As_s,B_i,B_s,Ba_i,Ba_s,Bi_i,Bi_s,Ca_i,Ca_s,Cd_i,Cd_s,Ce_i,Ce_s,Co_i,Co_s,Cr_i,Cr_s,Cs_i,Cs_s,Cu_i,Cu_s,Fe_i,Fe_s,Ga_i,Ga_s,K_i,K_s,La_i,La_s,Li_i,Li_s,Mg_i,Mg_s,Mn_i,Mn_s,Mo_i,Mo_s,Na_i,Na_s,Nb_i,Nb_s,Ni_i,Ni_s,Pb_i,Pb_s,Rb_i,Rb_s,Sb_i,Sb_s,Sn_i,Sn_s,Sr_i,Sr_s,Ti_i,Ti_s,Tl_i,Tl_s,U_i,U_s,V_i,V_s,W_i,W_s,Zn_i,Zn_s,Zr_i,Zr_s
5,5.94625328186867,1.93866702875442,0.46597108936918,0.0278066595399233,0.54648373744928,1.2643859663027,0.90403537821689,1.0527003761757,0.0131694095619357,0.0062038080851674,93.72944102304,77.3128746236724,0.00295719738177703,0.00688704968844029,0.0208268883181897,0.0156339726846312,0.0179295778246549,0.00369172050269685,1.91247135519003,0.0913880442003769,0.00131138438763306,0.00664326486903951,0.832274287371784,0.0904679370747949,34.7085427301872,0.30021317533776,0.00489408454680245,0.00143691851174526,91.7928723403,70.379697093143,0.0105146847410178,0.0131441627635409,0.0208417490681507,0.0122272368567819,14.1355565002408,4.04611853748475,0.238787184091996,0.148417489040558,0.0495655478906598,0.93497152033004,97.709573704743,8.85070972589239,0.00243537776761789,0.00110498344352708,0.479134787883263,0.0192271155040714,0.137493898013788,0.175793814268631,0.0978843035720455,0.103829020390164,0.00496340872551884,0.00778897274573418,0.0518874407108767,0.00746541412215983,0.51970176751211,0.196197038126085,0.194835895863606,0.0838990066116244,0.0011,4.29838667696593e-4,0.00170498344352708,4.46190324247105e-4,0.090770237774396,0.0296653461252874,0.0278231139518789,0.00299370111444349,11.4620606219207,4.07936401467188,0.0341823380619381,0.00115
